{
    "tickets": {
        "aparencia": {
            "color": "#2d2d31",
            "title": "Suporte - 24/7",
            "description": "Abra um ticket para obter suporte em casos de dúvidas ou compras."
        },
        "funcoes": {
            "Dúvidas": {
                "nome": "Dúvidas",
                "predescricao": "Selecione este departamento"
            },
            "Compras": {
                "nome": "Compras",
                "predescricao": "Selecione este departamento"
            }
        },
        "messageid": [
            {
                "msgid": "1250213451607969856",
                "channelid": "1248388663880974397",
                "guildid": "1247667025514467464"
            },
            {
                "msgid": "1281805017787011098",
                "channelid": "1278897902227427378",
                "guildid": "1278896290314453115"
            }
        ]
    }
}